 그러고 보니 A작가의 드라마에서 배우들이 유독 사고도 자주 당하고 아프거나 죽는 일도 많은 게 다 이유가 있었던 것이었습니다.,1
 올 하반기 기대작 중 하나로 손꼽히는 드라마가 배우들의 몸값으로 벌써 화제가 되고 있습니다.,1
 이 작품은 일찌감치 톱배우가 물망에 오른 상태라고 한다.,1
 주연배우들이 모두 1억 원에 육박하는 출연료를 요구하고 있어서 이대로 가면 회당 주역들의 출연료만으로도 3억대 드라마가 나올 판입니다.,1
 한 연예관계자는 ‘한 남자 주인공이 이미 8000만원을 부른 상태다 경력으로 보나 인기로 보나 여자 주인공도 최고 8000만에서 시작하지 않겠나 남자 넘버2도 한류스타를 잡아놓은 상태라 출연료가 어마어마할 게 뻔하다 일본에서 톡톡히 값을 받아 선계약을 해놓고 PPL과 협찬에서 끌어올 수 있는 모든 돈을 모아야 세팅이 될 것 같다 여차하면 최근 몇몇 한류스타 작품처럼 출연자가 확 줄어드는 드라마가 나올 것 같다’고 씁쓸해한다고 한다.,1
 톱스타 A양이 매번 작품에서 만난 남자배우들 덕분에 무사히 위기를 넘기고 있다는 소문이 파다합니다.,1
 A와 함께 호흡을 맞춘 남자 배우들은 어떤 상황에서도 'A에게 다 맞춰라 나는 괜찮다'고 해 촬영장에서 큰 불화 없이 잘 마쳤다고 합니다.,1
 보통 촬영할 때 시간이나 크레딧의 이름순서 등 때문에 배우들끼리 마찰을 빚기도 한다고 알려졌다.,1
 A와 함께 한 남자 배우 2명은 '모든 것을 다 A에게 맞춰달라'며 모두 배려한 덕에 A의 마음을 편안하게 해줬다고 한다.,1
 단 A에게는 한번의 위기만이 있었을 뿐이라고 한다.,1
 당시 A와 함께 한 남자 배우는 어떤 상황에서도 양보하지 않았던데다 A의 연기력에 문제가 있다며 호통을 쳐서 마음에 큰 상처를 받았다고 한다.,1
 연예계 한 관계자는 'A가 현재 이렇게 까다롭게 변한 데는 신인 시절 마음고생이 너무 심했기 때문'이라면서도 '이제는 시간이 지난만큼 모든 사람들에게 조금 마음을 열었으면 좋겠다'며 씁쓸함을 감추지 못했습니다.,1
 연예계 공인커플이엇다가 헤어진 여배우 남상미가 여전히 배우 이상윤에 대해 마음을 접지 못하고 있어 주위를 안타깝게 하고 있습니다.,1
 남상미는 평소에도 이상윤과 좋은 관계로 헤어졌다고 강조해왔다.,1
 측근에 의하면 실제로 A에 대한 사랑이 남아있어서 그런거라고 합니다.,1
 급기야 최근 남상미는 이상윤과 드라마 동반 출연까지 기대하는 모양입니다.,1
 남상미의 측근에게 "남상미가 새 드라마에 출연한다"면서 농담 반 진담 반으로 "둘이 한 드라마에 출연하는 건 아무래도 무리겠죠"라고 했다고 한다.,1
 이에 이상윤의 측근은 "여휴~ 어떻게 그러냐" 며 난감한 표정을 지었다고 합니다.,1
 최근 결혼한 엄태웅이가 알고보니 드라마 상대역이었던 이요원과 수상한 관계였다고 한다.,1
 문제는 당시 이요원이 유부녀였다고 한다.,1
 드라마를 촬영하면서 급격히 친해진 두 사람의 관계에 대한 소문이 퍼지면서 이요원 남편이 직접 엄태웅을 찾아갔다고 한다.,1
 화가 난 이요원의 남편이 엄태웅의 집 앞에 주차되 있던 차를 때려 부쉈는데 파손된 차가 엄태웅의 차가 아니었답니다.,1
 느닷없이 생면부지인 사람의 차를 왜 부셨는지를 알아보는 과정에서 엄태웅과 이요원의 관계가 자연스럽게 연예가에 알려지게 됐다고 합니다.,1
 특히 케스팅 문제가 가장 골치아픈데 여자주인공으로 물망에 오른 A양이 터무니없는 요구를 했다고 한다.,1
 A양은 자신이 드라마에 출연하는 조건으로 무려 5명을 배역에 끼어넣어 달라고 요구했습니다.,1
 무리한 조건에 제작사는 단 캐스팅을 포기했지만 워낙 대안이 없는지라 고심끝에 울며 겨자먹기로 제안을 수락했다고 합니다.,1
 앞으로 줄줄이 캐스팅 될 주연급 배우들이 선례를 빌미로 어떤 조건을 내세울지 생각만해도 머리가 아픕니다.,1
 A양을 섭외한건 좋은 선택이지만 이 때문에 드라마는 산으로 갈 확률이 커졌다.,1
 지금 이미지가 좋지만 김병만은 개콘에서여자후배 남자후배 가릴 것없이 때릴 정도로 악명이 높은 선배라고 합니다.,1
 어렸을때 아빠한테 많이 맞아서 자란 영향이 크다고 한다.,1
 지금 사실혼 관계인 부모 김모씨가 연예인급 미모는 아니지만 같이사는 이유가 가정 폭력을 견뎌내고 있다고합니다.,1
 인기 절정의 배우 A군이 스타병에 걸렸다는 소식입니다.,1
 A군은 올 한해 화제가 된 드라마에 주인공으로 출연했다.,1
 문제는 그의 태도가 이전과는 다른 점에 있다고 한다.,1
 평소 시원시원한 성격에 방송관계자들과도 사이가 좋았다던 그가 까칠함의 대명사로 변신했다고합니다.,1
 얼마전 한 음악방송 프로그램 비공개 녹화현장에서 "자신만 공개로 할 수 없겟느냐"는 무리한 요구를 해 제작진과 실랑이를 벌였다고 한다.,1
 주연급 분량과 존재갑에도 불구 조연급 대우를 받아 주변 동료들을 안타깝게 했다고 한다.,1
 쿨하기로 소문난 배우 A군과 소속사 측은 주변의 민망함에도 불구하고 끝까지 의리를 지켰지만 연말 시상식에 초대조차 받지못해 결국 울분을 토했다고 한다.,1
 소속사의 항의에 방송사에서 뒤늦게 A배우를 초청한 것으로 보인다.,1
 조연상 후보로 이름을 올렸다고 한다.,1
 자존심이 상한 A군은 조연상에서도 빼달라고 요청했다고 한다.,1
 더군다나 한류스타인 A군은 중국에서 워낙 큰 인기를 얻어 20여개의 방송 시상식에서 러브콜을 받았다고 한다.,1
 국내 스케줄 때문에 이를 모두 거절했다고 한다.,1
 평소 의리가 있어 방송 PD들과도 사이가 좋았다는 그가 졸지에 봉변을 당한 듯하다.,1
 하루빨리 기분을 풀었으면 한다.,1
 공주대접만 원해 아역배우 출신 A양의 까다로움이 방송계에서 회자되고 있습니다.,1
 A양의 수많은 요구에 무대 인사를 하기가 힘들 정도라고 한다.,1
 한 가수의 태국 뮤직비디오 촬영에서는 한 브랜드의 물을 요구해 구하는데 애를 먹었다고 합니다.,1
 술자리에서는 소주 4병을 시켜서 자신에게 주어진 양만 먹는다고 합니다.,1
 영화를 같이 직은 중견차 배우들도 제작진의 대우를 불평불만없이 받아들이는 것을 보면 A양의 요구가 여간 까다로울 수가 없나봅니다.,1
 아역배우에서 성인 배우로 완벽하게 변신하여 성공가도를 이어가고 있는 A양 인성적인 측변까지 따라온다면 더욱 훌륭한 배우가 되지 않을까 싶습니다.,1
 배우 A가 술버릇 때문에 대형사고를 쳤다고 합니다.,1
 A는 점잖아 보이는 이미지와 달리 다혈질 성격으로 술만 마시면 주먹이 먼저 나가기로 유명하다고 한다.,1
 데뷔 무렵 같은 드라마에 출연해 무척 친해진 톱스타 A와 오랜만에 술자리에서 그만 사단이 났습니다.,1
 기분좋게 만취가 A가 별거 아닌 일로 시비가 붙어 A를 때렸다고 한다.,1
 활동을 코앞에 두고 있는 A가 얼굴을 다치는 바람에 CF촬영 일정등이 줄줄이 연기됐다고 합니다.,1
 사건이 있었던 다음날 자신이 무슨일을 벌엿는지를 깨달은 A는 현재 자숙하고 있다고 합니다.,1
 틈만나면 자신의 트위터에 해괴한 말들을 쏟아내고는 했던 A가 이번 일에는 조용히 입을 꾹 다물고 있다고 합니다.,1
 인기 개그맨 A가 상습적인 폭행과 무례한 행동으로 후배들에게 공분을 싸고 있다고 합니다.,1
 A는 성실하고 친근한 이미지로 팬들에게 많은 사랑을 받고 있다고 합니다.,1
 하지만 TV에서 보는 모습과 달리 실제로는 전혀다른 행동을 일삼아 연예계 관계자들 사이에 '이중인격자'라는말을 듣고 있습니다.,1
 A와 함께 출연했던 몇몇 연예인들은 '정말 못됐다 다시는 함께하고 싶지 않지만 그래도 요즘 잘 나가기 때문에 어쩔 수 없다'고 힘겨울을 토로하기 일쑤라고 합니다.,1
 한 연예계 관계자는 '조만간 A의 잘못된 언행으로 큰일이 터질지도 모르겠다.,1
 그에게서 모욕적인 경험을 했던 사람들끼리 모여 'A의 무례를 폭로하자'고 공모하고 있는것 같다'고 귀뜸했습니다.,1
 프로포폴 파문이 연예계를 강타하고 있다고 합니다.,1
 중견 여배우 A가 한때 프로포폴을 상습적으로 투약했던 것으로 전해지고 있습니다.,1
 A는 프로포폴에 너무 빠져있어 소속사를 이적할 때 새 소속사측과 '절대로 프로포폴을 맞지 않겠다'는 약속을 했다고 한다.,1
 현 소속사에 계속 있는것을 보니 그 약속을 잘 지키고 있나봅니다.,1
 검찰에서 연예인들을 대상으로 프로포폴 관련 수사를 계속 할 예정이라고 한다.,1
 배우 A의 속사정을 놓고 연예계가 흉흉한 소문이 들려오고 있습니다.,1
 A는 데뷔때부터 동료 연예인과 일반인을 막론하고 좋지 않은 사생활로 입방아에 오르내렸다.,1
 얼마전까지도 불륜 등 송사에 얽혔던 그가 갑자기 결혼한 것에 의구심이 나오고 있는겁니다.,1
 A를 잘 아는 주변 사람들은 '계약결혼이다 사기결혼이다'라며 말들이 많다.,1
 연예게 관계자는 'A의 남편이 조직폭력배 등과 연루된 인물로 알고있다 그래서 A의 복잡한 남자관계와 돈 문제를 모두 해결해주는 건으로 결혼했다는 소문이 돌고 있다 만약 이혼하면 발생할 일에대해 각서까지 써놨을 거라는 얘기까지 있다'고 전했습니다.,1
 인기 작곡가 겸 프로듀서 A가 최근 클럽에서 눈물을 펑펑 흘린것으로 알려져 가요관계자들의 관심을 끌었다고 한다.,1
 그가 눈물을 흘린 이유는 헤어진 여자친구를 잊지 못해서라고 합니다.,1
 관계자들에 따르면 A의 여자친구는 뛰어난 미모와 몸매를 소유해 A의 사랑을 듬뿍 받았다고 한다.,1
 어떤 이유인지는 몰라도 최근 결별했고 A는 실연의 아픔을 잊기 위해 클럽을 찾았다가 그만 만취해 여자친구의 생각이 났던 모양입니다.,1
 그 날 A는 휴대폰에 남아있던 여자친구의 사진을 쳐다보면서 대성통곡을 했다고 한다.,1
 이런 A의 모습이 당시 클럽을 찾은 몇몇 연예관계자의 눈에 띄면서 이번 일이 알려졌습니다.,1
 A는 어찌나 상심했던지 현재 잠적을 한 상태라고 한다.,1
 한류스타 A가 이해할 수 없는 행동으로 구설수에 휘말렸다.,1
 여자라면 누구나 좋아할 만한 꽃미남 외모로 사랑받고 있는 한류스타 A가 한밤 중 소란을 피워 경찰까지 출동하게 만든 것으로 전해졌다.,1
 강남 고급 빌라에 거주하고 있는 한 일반인 남성 A씨는 최근 황당한 일을 겪었다.,1
 누군가가 밤 늦게 초인종을 울렸다가 사라지기를 반복하며 약을 올렸기 때문.,1
 해당 빌라는 보안이 철저해서 외부인이 쉽게 접근할 수 없는 곳이었기 때문에 A씨는 이를 내부인의 소행으로 보고 경비원과 함께 CCTV를 살펴봤다.,1
 CCTV를 본 A씨는 의문의 남성이 이상행동을 한 뒤 집으로 들어가는 걸 확인하고 경찰과 함께 해당 집을 찾아갔다.,1
 이후 남성의 정체를 확인한 A씨는 경악했다.,1
 미모의 젊은 여성이 문을 열고 나왔고 그 안엔 동거인으로 보이는 유명 연예인 A가 있었기 때문이라고 한다.,1
 결국 한류스타 A의 사과로 해당 사건은 원만하게 해결됐지만 A씨는 '어떻게 고급 빌라에서 이런 일이 일어날 수 있는지 모르겠다'며 '술을 과하게 마셨거나 약을 하지 않고서야 어떻게 이런 짓을 할 수 있겠냐'고 분통을 터트렸다.,1
 가수 조재현은 데뷔 이래 단 한번도 스캔들이 없을 정도로 사생활이 베일에 싸여 있는다고 합니다.,1
 이 때문에 일각에서는 남자를 좋아한다는 소문이 있기도 했습니다.,1
 하지만 알고 보면 비밀연애의 고수라고 합니다.,1
 조재현은 한 여배우 이유리와 상당기간 연인으로 지냈습니다.,1
 하지만 오랜 만남이 결혼으로 이어지지는 못했고 이유리와 이별 후 좀처럼 새로운 연애를 하지 않는다고 합니다.,1
 한 연예계 관계자는 '한 사람을 오래 만났기 때문에 다른 소문이 없었던 것이고 이유리와 헤어진 뒤에는 좀처럼 연애의 기회가 없었던 것 뿐이다'며 '조재현 역시 여자를 좋아하는 평범한 남자다 이제 나이도 있고 새롭게 누군가를 만나고 사랑을 시작하는 일이 쉽지 않은 것 같다'고 합니다.,1
 톱스타 전지현이 방송 출연 의사를 번복해 제작진을 난감하게 하고 있습니다.,1
 전지현은 원래도 활동이 활발한 편은 아닌데 러브콜을 한 제작진에게 긍정적으로 검토하겠다는 입장을 밝혀 기대감을 한껏 높여 놓았습니다.,1
 그러나 제작에 앞서 방송가에서 출연설이 돌자 자신의 이름을 팔고 있다며 항의하며 돌연 출연을 취소하겠다고 한 모양입니다.,1
 제작진 입장에서는 출연자에 대한 가닥을 잡아놓고 제작에 들어가거나 방송편성을 잡는게 관례인데 전지현의 거센 반발에 당황하지 않을 수 없었다고 합니다.,1
 이에 주변에서는 전지현이 출연료 등 자신의 이름을 파는 것에 걸맞는 대가를 바라는 것이었을 거라고 추측하고 있습니다.,1
 사실 전지현은 활동은 거의 하지 않으면서도 명품 행사 등에는 꾸준히 참석하며 톱스타 대접을 톡톡히 받고 있기 때문이라고 합니다.,1
 너무 융숭한 대접만 받고 살다보니 웬만한 대우는 성에 안차는 모양입니다.,1
 연기파 배우 김태희가 괄괄한 성격 때문에 캐스팅에 악영향을 끼치고 있다고 합니다.,1
 김태희는 연기와 연출에 대한 욕심이 지나쳐 감독과는 종종 트러블을 일으킨다고 합니다.,1
 함께 작업한 배우들도 '두번은 만나고 싶지 않다'고 할 정도라고 합니다.,1
 그 중에서도 김태희와 최악의 관계였던 인물이 바로 배우 한가인이라고 한다.,1
 흥행영화에 함께 출연했던 두 사람은 이후 공식석상에서 만나길 꺼려할 정도로 사이가 나빠졌다고 한다.,1
 문제는 한가인이 김태희만큼 비중이 높아지면서 캐스팅에 마찰이 생기고 있습니다.,1
 한 영화 관계자는' 김태희가 캐스팅된 영화는 한가인이 거들떠보지도 않는다'며 '최근 영화계엔 투톱은 물론 쓰리톱이나 떼출연이 빈번한 상황인데 둘은 동시 캐스팅이 불가능하다'고 합니다.,1
 최수종 하희라 부부 이혼할 것이라는 얘기가 있다.,1
 몇몇 기자들이 변호사를 통해 이를 알아내려고 한다고 한다.,1
 하정우 절친(일반인)에게 김태희가 여자친구라고 소개시켜줬다고 한다.,1
 소유진 최근에 열애설 났던 프랜차이즈 대표와 중국(한국인이 자주 오지 않는 곳)에 놀러갔다가 남자를 아는 사람에게 딱 걸렸다고 한다.,1
 소유진이 열애설도 부인했고 이 사실이 알려지는 것을 부담스러워 해서 남자 쪽에서 비밀을 지켜달라고 신신당부했다고 한다.,1
 티아라 출신 화영 8월 일본 부도칸 공연 당시 발목 깁스를 한 것은 포털사이트 검색어 1위를 하고 싶어서였다고 한다.,1
 김장훈과 싸이는 절친했지만 ‘완타치’란 합동공연하면서 사이가 나빠졌다고 한다.,1
 얼마전 트위터에 “이승환의 무대도용 그 심정 알 것 같다”고 한 것은 싸이를 향한 것으로 보인다.,1
 연예인 중 유일하게 이미경 부회장에게 퇴짜 놓은 사람은 바로 장근석이라고 한다.,1
 더원 몰래 여자가 아이를 낳았고 이를 빌미로 여자가 더원을 협박하고 있는 상태라고 한다.,1
 최근 남희석이 “출연료 800만원 이상 받는 연예인이 지각” 논란되자 발뺌했다고 한다.,1
 하지만 탁재훈이며 연예계에서 지각이 가장 많고 제작진에게도 함부로 해 평판이 아주 좋지 않다고 한다.,1
 최근 ‘승승장구’에서도 지각이 많고 말을 함부로 하면서 김승우의 눈 밖에 났다고 한다.,1
 트위터 글이 논란이 된 다음 날 탁재훈이 기자회견에서 “나랑 희석이는 친하다”고 웃으며 해명했지만 둘의 사이는 썩 좋지 않다고 알려졌다.,1
 탁재훈은 여전히 녹화에 매번 지각하고 있다고 한다.,1
 김선아 킹콩엔터가 김선아 영입할 때 1년 동안 일한 뒤 맞으면 더 하고 안 맞으면 끝내자고 합의했다고 한다.,1
 하지만 김선아는 주변 사람들을 기죽이고 못 살게 만드는 골질로 유명하다고 알려졌다.,1
 김선아에 관한 소문이 너무 많이 나서 웬만한 회사에서 선뜻 김선아 영입 못할 가능성이 크다고 한다.,1
 더원이 ‘나는 가수다’로 잘 나가자 여자가 “MBC 앞에서 1인 시위라도 하겠다”고 다시 협박 시작했다고 한다.,1
 김 PD 아이디어는 프로그램 통해서 더원이 아빠란 사실을 공개하고 경제적인 이유로 아이를 키울 수 없었다는 눈물의 휴먼스토리 구상 중이라고 한다.,1
 김민준 여자친구 안현모 기자 관련 SBS 보도국에서 은근히 따돌림 당하고 있다고 한다.,1
 이병헌 이정진 김래원은 ‘절친3인방’으로 알려졌는데 이병헌과 이민정의 열애로 김래원이 중간에서 난처해하고 있다고 한다.,1
 이정진도 이민정과 사귄 사이 인것으로 보인다.,1
 기자들 사이에서 더 평판이 좋지 않아진 이유는 SBS 법조팀 회식에 김민준이 나타나면서부터라고 한다.,1
 여자친구에게 억지로 술 먹인다며 까칠하게 군 뒤로 곧바로 스캔들 터진 것으로 알려졌다.,1
 엔터테인먼트 황복용 대표는 배우와 유독 친한 매니저들이 있으면 이간질 시켜서 매니저들을 그만두게 하고 비열하게 일을 한다고 한다.,1
 이 모임에서 김성령 박예진 소속사 열음 김영일 대표와 김윤석 유해진 엄정화 엄태웅 등 소속사 심엔터 심정운 대표는 드라마 캐스팅 때문에 번번이 싸우면서 관계가 틀어졌다고 한다.,1
 이병헌은 손석우 대표한테도 지난달 초 찌라시 내용으로 긴급회의를 하자고 말해서 그때 이민정과 열애설을 처음 말했다고 한다.,1
 신세경과 비는 영화 ‘알투비’ 촬영 때 만나 연인을 발전했다고 한다.,1
 증권가 찌라시에 이효리가 낙태수술을 하기 위해 유럽으로 간 날짜 비행기 편 등 구체적 정황이 다 나와 신빙성이 크다고 한다.,1
 최근 리복과 전속계약을 체결했지만 이효리의 임신설로 급하게 전지현으로 모델 교체한 것으로 알려졌다.,1
 원빈이 노희경 작가 드라마 ‘바람이 분다’로 드라마 컴백하려다가 무산된 이유가 분량과 이야기 전개 두고 의견 나누는 과정에서 서로 빈정이 상해서 다툼까지 났다고 한다.,1
 노희경 작가는 작품성에 비해 시청률이 낮은 것에 콤플렉스이며 일본 원작 리메이크를 선택한 이유도 시청률 욕심 때문이라고 한다.,1
 강호동 신동엽 둘이 sm계열사 sm c&c로 간 데는 저축은행 사건도 한 몫을 했다고 한다.,1
 은경표 pd와 더불어 두 사람은 저축은행 불법대출에 연관돼 있다고 한다.,1
 강호동은 이적하면서 본인은 물론 매니저들까지 지분을 모두 챙겼다고 한다.,1
 이병헌 소속사인 BH소속이던 김민희가 공효진 소속사 숲 엔터로 이적한 이유가 이병헌 이민정 결혼 임박에 따른 부담 때문이라고 전해진다.,1
 이병헌과 김민희는 작년 한 차례 열애설 나왔고 당시 실제로 사귀었으나 당시 부인했고 곧 결별했다고 한다.,1
 그동안 매니저 출신이 아니라 작품 물어오는 거나 일처리 방면에서 임연정 대표에게 불만이 많았던 전지현과 임 대표가 폭발하게 된 계기는 베를린 촬영 중에 발생했다고 한다.,1
 그 전부터 전지현 결혼을 준비하면서 ‘종 심부름’ 하듯이 시댁 식구들에게 부림을 당했던 임 대표는 불만이 많은 상태였고 전지현이 해외 촬영 나가서까지 뒷처리를 다 부탁했했다고 한다.,1
 그러던 중 전지현이 현지에서 촬영 스케줄 조율이 필요한 상태여서 임 대표한테 얘기를 했는데 결국 오해가 생기면서 전지현이 다른 배우들에게 난처한 상황이 생겼다고 전해진다.,1
 김경란 아나운서도 조만간 프리 선언한다고 알려졌다.,1
 최정원이 ‘내 딸 서영이’ 하차한 이유는 박해진 때문이며 당초 제작진이 김지훈 소속사 측과 의견 조율에 실패해 하차를 결정하고 박해진을 캐스팅했다고 한다.,1
 당시 ‘미칠이’로 최고 인기 누렸던 최정원이 신인이었던 박해진에게 갖은 무시와 굴욕을 줘 이를 갈고 있었다고 한다.,1
 박해진은 작품 들어가면서 “여주인공 바꾸고 싶다 최정원이랑 이미지 비슷한 이보영은 어떠냐”라고 제안했고 일본과 중국에서 인기 있는 박해진으로 해외 수출 호조 보이자 KBS에서 최정원 아웃 시키고 결국 이보영으로 굳혔다고 한다.,1
 이승기는 ‘1박2일’ ‘강심장’ 등 갑작스런 예능 하차로 욕먹어가며 SBS ‘100인의 식탁’ 하려고 했지만 무산되는 바람에 예능에서 아무 것도 못하고 붕 떠 있는 상태라고 한다.,1
 이승기의 소속사 권진영 대표는 김수현이 이승기 CF 다 따먹는다고 심통이 대단하다고 한다.,1
 김종국이 결혼할 여자가 일반인인지 연예인인지 확실하지 않지만 김종국이 하하 다음으로 결혼한다고 한다.,1
 탁재훈 말에 의하면 신동엽도 자신과 마찬가지로 갚을 빚이 많아서 예능프로그램을 여러 개 한다고 한다.,1
 KBS는 강호동을 잡기 위해 ‘안녕하세요’의 이예지 PD 문은애 작가에게 강호동을 설득해보라고 지시한 상태이며 문은애 작가와는 ‘무릎팍도사’때 인연을 맺어 개인적으로 연락할 정도로 절친한 사이라고 한다.,1
 수제 쿠키로 인기를 모았던 '미미쿠키'가 대형마트 제품을 유기농 수제 쿠키로 속여 판매했다는 의혹이 제기되자 충북 음성군이 실태 조사에 착수했다.,0
 27일 음성군 등에 따르면 감곡면 소재 이 제과점이 대형 마트에서 판매하는 완제품 쿠키를 포장만 바꿔 팔고 있다는 의혹이 청와대 게시판에 올라왔다.,0
 군 관계자는 '온라인에서 제기된 의혹을 확인하기 위해 직원들이 현장에 갔지만 업주 부부와 연락이 되지 않는 상태'라며 '온라인에서 제기된 의혹이 사실이면 행정 조처와 함께 경찰에 고발할 방침'이라고 말했다.,0
 그러면서 '이 업체는 2016년 5월 영업 허가를 받았는데 현재까지 폐업 신고서는 들어오지 않았다'며 '영업을 하지 않는다면 통신 판매업을 중단한 것으로 보인다'고 덧붙였다.,0
 이어 '이 매점은 휴게 음식점으로 신고돼 있어 통신 판매업을 할 수 없다'고 덧붙였다.,0
 '미미쿠키'는 베이킹을 전공한 부부가 아기의 태명인 '미미'를 상호로 문을 연 것으로 알려졌다.,0
 안전한 먹거리를 만들겠다는 운영 방침이 입소문을 타면서 지난 7월에는 온라인 직거래 카페에 입점한 것으로 전해졌다.,0
 이 업체는 이런 의혹을 부인하다 사실로 확인되자 최근 블로그를 통해 사과의 글을 올렸다.,0
 사과의 글을 올린 블로그와 인스타그램 계정 등은 현재 폐쇄된 상태다.,0
 이 업체는 문을 닫고 영업을 중단했다.,0
 미미쿠키를 대행 판매했던 온라인 직거래 카페는 피해를 본 소비자들과 함께 미미쿠키 운영자를 상대로 형사 고소를 준비하고 있다.,0
 이 카페는 지난 22일 미미쿠키 고소 관련 위임장을 접수한다는 내용의 공지를 게시했다.,0
 카페 측은 또 미미쿠키 관련 마카롱과 생크림 카스테라 제품에 대한 성분조사를 위한 샘플을 접수받고 있다.,0
 마카롱과 생크림 카스테라는 판매자가 수제로 만들었다고 주장함에 따라 성분검사 후 결과가 나오면 고소 여부를 결정하겠다는 게 카페 측의 설명이다.,0
 지난 24일 청와대 국민청원 게시판에는 '사람의 건강으로 사기를 친 '** 쿠키'를 신고합니다'란 내용의 청원 글이 올라왔다.,0
 다음 달 24일이 마감인 이 청원글에는 27일 오후 4시 현재 2천94명이 참여했다.,0
 정부가 일요일인 28일 긴급회의를 소집해 폐원 움직임을 보이고 있는 사립유치원에 대한 대응방안을 모색한 것은 그만큼 현 상황이 급박하다고 판단했기 때문이다.,0
 사립유치원들은 지난 25일 정부가 유치원 공공성 강화 종합대책을 내놓자 ‘충격을 금할 수 없다’며 일방적 폐원이나 원아 모집 중단을 통보해 학부모들을 불안케 하고 있다.,0
 이날 열린 회의는 당초 각 시·도교육청의 ‘유치원 공공성 강화 추진단’이 세부 실행계획을 논의하기 위해 모인 자리였다.,0
 교육부에선 박춘란 차관이 각 교육청에선 부교육감이 단장을 맡는다.,0
 그러나 회의에선 사립유치원들의 폐원 압박에 대한 대응책 논의가 주를 이뤘다.,0
 정부는 우선 실제 폐원 사례에 대비해 구체적인 원아 배치계획을 수립해달라고 요청했다.,0
 현재까지 사립유치원 16곳이 폐원이나 원아 모집 중단을 안내한 것으로 알려졌다.,0
 경기도교육청은 광주·부천 등에서 7곳의 사립유치원이 학부모들에게 폐원을 통보하자 인근의 국공립유치원에 학급을 늘려 내년도 모집되는 정원만큼 모두 수용하겠다는 대책을 발표한 바 있다.,0
 특히 당국은 갑작스러운 폐원 시 주변에 활용할 만한 국공립유치원이나 초등학교가 없을 경우 주민센터 등 공공시설을 임차하는 한편 통학차량과 보조인력을 지원하는 방안도 내놓았다.,0
 권지영 교육부 유아정책과장은 '사립유치원들의 집단행동 자체가 다양하게 나타날 수 있어 단기간 휴업이라면 기존 유치원의 학급을 확대하고 아예 폐원한다고 하면 여러 시설을 확충해서 유아교육을 지속하는 방안을 논의 중'이라고 말했다.,0
 정부는 또 교육부 지침을 개정해 유치원이 휴업 하거나 원아 모집을 연기할 땐 학부모 사전 동의를 받고 운영위원회와 협의를 거치도록 해 일방적인 폐원을 차단하기로 했다.,0
 국공립유치원을 확대하기 위한 세부계획도 논의됐다.,0
 유 부총리는 '2019년 3월에 신설되는 국공립유치원 500개 학급은 예산과 교원이 확보됐다'며 '2019년 9월 추가 확충할 500개 학급은 2019년 예산 5000억원을 투입하고 필요하면 예비비까지 검토한다'고 말했다.,0
 추가 학급 계획은 12월 발표된다.,0
 교육부는 유치원의 공공성을 높이는 또 다른 대안인 ‘공영형 사립유치원’을 늘리기 위해 다음달 추가 공모를 시작한다.,0
 공립처럼 국가 지원을 받되 개방이사를 선임하는 공영형 사립유치원은 ‘법인화’를 전제로 한다.,0
 유치원 공공성 강화 방안에 따라 사립유치원이 학교법인으로 전환할 경우 수익용 기본재산 출연 조건을 면제해주기로 했기 때문에 추가 공모에 신청하는 유치원이 늘어날 것으로 교육부는 보고 있다.,0
 한국유치원총연합회는 30일 경기 일산 킨텍스에서 ‘사립유치원 공공성 강화를 위한 대토론회’를 열고 세력 결집에 나선다.,0
 한유총은 3000곳에 이르는 소속 유치원들에 유치원당 2명 이상 토론회에 참여하고 검은색을 입고 올 것을 요청했다.,0
 이 자리에선 유치원의 원아 모집 중단과 폐원 현황도 파악될 것으로 보인다.,0
 더불어민주당 박용진 의원은 오는 31일 국회 헌정기념관에서 ‘사립유치원 비리 근절을 위한 대안마련 정책 토론회’를 연다.,0
 박 의원실은 한유총에 참여를 제안했으며 한유총은 아직 참여 여부를 밝히지 않고 있다.,0
 사립유치원 비리 의혹과 관련해 정부와 여당은 강도 높은 압박을 이어갔다.,0
 유은혜 부총리 겸 교육부 장관은 31일 취임 후 첫 기자간담회에서 사립유치원이 먼저 변해야 한다며 한국유치원총연합회가 제안한 ‘3자 대화’를 거부했다.,0
 유 부총리는 '국민이 보기에 ‘대화해야 한다’고 볼 만큼 신뢰를 먼저 구축해야 하는데 아직 국민의 눈높이에 미치지 못하는 것 같다'고 말했다.,0
 한유총이 온라인 입학관리시스템 ‘처음학교로’나 공통 회계 시스템인 ‘에듀파인’을 전격 수용하면 협상이 가능하냐는 질문에는 '조건을 제시할 만한 협상의 건이 아니다'고 못을 박았다.,0
 그는 '지금까지도 실무선에서는 계속 대화를 해왔다'며 '한유총이 교육기관으로서 정체성을 분명히 하고 어떻게 공공성을 강화하고 변화할 것인지 먼저 이야기해야 한다'고 말했다.,0
 유 부총리는 앞으로 초·중·고교 감사 결과도 실명으로 공개할 수 있는 가능성을 내비쳤다.,0
 그는 '유치원 감사 결과는 법적 근거를 갖고 공개한 것이고 앞으로도 이번 사례가 척도가 될 것'이라고 설명했다.,0
 이날 오전엔 유치원 비리를 실명으로 공개한 박용진 더불어민주당 의원이 주최한 국회 토론회가 열렸다.,0
 이날 토론회에선 '사립유치원이 자율적으로 유치원비를 결정하는 것을 금지해야 한다'는 등 방안이 제시됐다.,0
 박 의원은 '누리과정 예산을 지원금이 아닌 보조금으로 바꿔 횡령죄 처벌이 가능토록 하고 투명한 회계시스템을 도입하면 부패와 비리의 고리를 끊을 수 있다'고 주장했다.,0
 그러나 익명을 요청한 한 사립유치원장은 '정부와 여당 말대로 하면 사립은 그냥 죽으라는 이야기'라며 불만을 토로했다.,0
 전날 킨텍스에서 유치원 원장들을 대상으로 대토론회를 연 한유총은 '설문조사를 해보니 ‘박용진 3법’이 통과되면 ‘폐원하겠다’는 원장이 다수였다'고 발표했다.,0
 교육계 안팎에선 사립 유치원 전체를 비리집단으로 모는 것과 정부·여당의 강공 드라이브가 자칫 부메랑이 될 수 있다는 우려의 목소리도 나온다.,0
 송기창 숙명여대 교육학과 교수는 '무턱대고 국공립을 확대했다가 출산율이 급감해 공동화 현상이 생길 수도 있다'며 '사립유치원 비리 문제의 해결책을 내부에서 찾아야지 무조건 국공립 확대로 결론지어선 안 된다'고 말했다.,0
 공공성 강화가 유치원의 획일화로 이어져서는 안 된다는 견해도 있다.,0
 김정호 전 연세대 경제대학원 특임교수는 '예전엔 한국도 몬테소리 발도르프 같은 다양한 교육방식이 존재했지만 정부의 누리과정 도입 후 대부분 사라졌다'며 '공공성이란 잣대로 모든 걸 획일화하면 창의성을 죽이게 될 것'이라고 지적했다.,0
 한편 서울서부지법은 이날 한유총이 MBC를 상대로 낸 비리 사립유치원 명단 공개 금지 가처분신청을 기각했다.,0
 법원은 '자료 공개가 신청인의 명예를 현저하게 침해하는 것이라고 보기 어렵다'고 밝혔다.,0
 CJ대한통운 대전물류센터에서 또 사망사고가 발생했다.,0
 이 물류센터는 지난 8월 아르바이트를 하던 20대 대학생이 컨베이어벨트 인근에서 감전돼 사망한 곳이다.,0
 31일 대전 대덕경찰서에 따르면 지난 29일 오후 10시께 대전 대덕구 문평동 CJ대한통운 물류센터에서 A씨가 몰던 트레일러가 짐 싣기 작업을 하던 하청업체 직원 B씨를 들이받았다.,0
 이 사고로 중상을 입은 B씨는 대전의 대학병원에서 치료를 받다 30일 오후 6시 20분쯤 숨졌다.,0
 경찰은 택배 상·하차를 하려고 후진하던 트레일러 운전자 A씨가 B씨를 보지 못해 사고가 난 것으로 보고 A씨를 교통사고처리 특례법 위반 혐의로 입건해 자세한 경위를 조사하고 있다.,0
 대전지방고용노동청은 B씨가 사망한 30일 오후부터 CJ대한통운 물류센터에 전면 작업중지 명령을 내렸다.,0
 다만 물류센터에 들어온 물품 중 의약품과 식료품 등 기존에 쌓인 물류는 소비자 불편이 우려돼 출고하도록 했다.,0
 기존에 쌓인 물류까지 출고가 완료되면 CJ대한통운 대전물류센터는 완전히 멈춰질 예정이다.,0
 노동청 관계자는 '산업안전보건법을 위반한 게 있는지 등 자세한 사고 경위를 조사하고 있다'며 '특별감독을 할지 등은 현재 내부적으로 논의하고 있다'고 말했다.,0
 CJ대한통운 관계자는 '유가족분들에게 마음 깊이 위로의 말씀을 드린다'며 '사고가 재발하지 않도록 철저한 현장 점검을 하고 개선책을 마련하겠다'고 말했다.,0
 조용병 신한금융지주 회장을 비롯해 전 인사담당 부행장 등 관련자 5명과 신한은행 법인이 채용비리에 가담한 혐의로 기소됐다.,0
 지난달 기소된 인사팀장 2명을 포함하면 신한은행 채용비리 사건으로 총 8명(법인 포함)이 재판에 넘겨졌다.,0
 서울동부지검 형사6부는 신한은행 신입사원 채용비리에 연루됐다는 의혹을 받는 조 회장을 업무방해 및 남녀고용평등법 위반 혐의로 불구속 기소했다고 31일 밝혔다.,0
 조 회장은 지난 2015년부터 2016년까지 신한은행장으로 재직하며 외부청탁 지원자 부서장 이상 자녀 30명의 점수를 조작하고 남녀 성비를 3대1로 맞추기 위해 101명의 점수를 조작한 혐의를 받는다.,0
 이 외에 인사담당 부행장 A씨 채용과장 B씨 채용팀장 C씨가 같은 혐의로 기소됐으며 신한은행 법인도 남녀고용평등법 양벌규정에 따라 함께 기소됐다.,0
 인사팀 과장 D씨의 경우 금감원 감사 및 검찰 수사에 대비해 '인사관련 파일'을 삭제한 혐의로 불구속 기소됐다.,0
 D씨는 지난해 12월 채용대행업체에 서류전형 관련 인사자료 일체를 삭제하도록 지시하고 자신의 컴퓨터에서도 2015~2016년 인사자료를 삭제한 것으로 조사됐다.,0
 이들은 지난 2013년부터 2016년까지 신한은행 상반기 신입사원 공개채용 과정에서 외부청탁 지원자 및 신한은행 임원·부서장의 자녀 명단을 관리하며 특혜를 제공하고 남녀 성비를 인위적으로 조정하기 위해 총 154명의 서류전형·면접점수를 조작한 혐의로 재판에 넘겨졌다.,0
 검찰에 따르면 이들은 국회의원 유력재력가 금융감독원 직원 등 신한은행의 영업 및 감독에 영향을 미칠 수 있는 외부인이 채용청탁을 할 경우 청탁받은 지원자를 '특이자 명단'으로 신한은행의 부서장 이상 임직원 자녀들이 지원했을 경우 '부서장 명단'으로 정리하고 관리한 혐의를 받는다.,0
 그 결과 지난 2016년 기준 하반기 일반지원자의 합격률은 1%에 불과했던 반면 부서장 자녀 합격률은 5% 특이자 합격률은 10%에 달했다.,0
 검찰에 따르면 '부서장 명단'에 올라 부정합격한 인원은 총 14명이었다.,0
 신한그룹 계열사 부사장 준법감시인 감사의 자녀 5명과 신한은행 본부장 부행장보 부행장 자녀가 6명 포함되는 등 주로 고위직에 혜택이 주어졌다.,0
 검찰은 부서장 이하 직원자녀는 별도관리하지 않는 등 직위에 따른 차등이 있었다고 설명했다.,0
 내외부 청탁 지원자의 경우 점수와 상관없이 정무적으로 합격여부를 판단한 것으로 조사됐다.,0
 검찰에 따르면 외부 청탁으로 합격한 인원이 17명 은행장 또는 전직 최고임원 청탁으로 합격한 인원이 11명이다.,0
 검찰은 은행장이 직접 청탁한 경우 '★' 표시를 해두고 인사팀에서 특별관리했으며 불합격시 '리뷰 문건'을 통해 재심사하는 특혜를 제공했다고 설명했다.,0
 또 외부청탁자 중 상당수는 신한은행 거래처 고위 임원 자녀들로 인사부는 점수와 무관하게 영업상황을 고려해 합격·불합격 여부를 판단한 것으로 확인됐다.,0
 이들의 경우 비고 란에 'OO와의 거래관계 고려'등을 기재해 은행 영업에 도움이 되는지를 판단했다.,0
 아울러 검찰은 지난 2015년~2016년 신입행원 채용에서 남녀 채용비율을 3대1로 정한 다음 남녀 합격자수를 인위적으로 조정하는 방법으로 남녀를 차별해 채용했다고 판단했다.,0
 성차별 채용으로 합격한 지원자는 총 101명으로 확인됐다.,0
 검찰은 지난 2016년 기준 하반기 총 지원자의 남녀 성비는 56%대 43%였으나 각 전형에서 3대1 비율을 맞춰서 진행했다고 봤다.,0
 이 외에 이들은 실무면접 과정에서 출신대학별로도 차별적 합격기준을 적용한 것으로 조사됐다.,0
 전 인사부장 2명은 지난달 기소돼 재판을 받고 있다.,0
 지난 17일 열린 첫 공판에서 조 회장이 행장에 있을 당시 인사부장으로 재직했던 이씨는 혐의를 부인했으나 고 서진원 전 행장 재임 당시 인사부장으로 근무한 김씨는 혐의를 대체로 인정했다.,0
 지난 5월 동부지검은 금융감독원으로부터 신한은행 특혜채용 정황 22건에 대한 수사 의뢰를 받고 수사에 착수했다.,0
 금감원은 신한금융 임직원 자녀 채용의 적정성과 함께 채용비리 신고센터를 통해 접수한 신한금융 관련 제보건을 점검한 잠정 검사를 토대로 '신한은행 12건 신한카드 4건 신한생명 6건 등 총 22건의 특혜채용 정황을 발견했고 이중 임직원 자녀 채용비리 의혹 관련 건은 13건'이라고 발표한 바 있다.,0
 중국 로욜(Royole)이 접는 스마트폰 '플렉스파이(FlexPai)'를 출시했다.,0
 31일 베이징 국가회의센터에서 글로벌 신제품 발표회를 연 로욜은 '세계 첫 접는 스마트폰' 수식어를 붙여 이 제품을 공개했다.,0
 지난달 17일 카카오모빌리티가 카풀 기사 모집을 시작하자 택시업계는 즉각 대규모 총파업을 강행하며 카풀 서비스에 대한 총력 저지에 나섰다.,0
 지난달 카카오모빌리티는 출퇴근 심야시간대의 심각한 택시 수급 불균형 현상을 '카카오 T' 택시의 운행 빅데이터를 통해 실증적으로 분석한 ‘2018 카카오모빌리티 리포트’를 발표했다.,0
 이 소장은 '카풀 서비스는 기존의 택시 서비스가 공급하지 못했던 초과적인 수요를 충족시키는 서비스이기 때문에 카풀을 통해 추가적으로 경제적인 효과를 만들어 낼 수 있다'라고 말했다.,0
 하지만 카카오의 카풀 서비스 출시에 대해 택시업계는 결사반대하고 있고 기존의 카카오택시 콜조차 받지 않겠다는 강경한 입장이다.,0
 택시업계는 카카오 카풀 서비스가 사실상 24시간 운영되는 유사 택시로 확대되면 결국 택시 수요를 잠식해 생존권을 위협할 것이라고 우려한다.,0
 '2018 카카오모빌리티 리포트'는 '카카오 T' 택시가 출시된 이후 지난 3년 반 동안 카카오택시를 이용하는 기사 한 명당 월평균 83만원 연 기준으로 997만원의 소득창출 효과가 있었고 이를 전체 시장으로 확대하면 연간 2조2000억 원의 경제적인 효과가 있었던 것으로 분석했다.,0
 '카풀 서비스가 도입되는 경우 새로운 부가가치 창출액 승용차 운행비용 및 교통혼잡비용 절감 여기에 온실가스 감축 및 미세먼지 저감효과까지 더하면 연간 3600억원의 경제적 효과를 기대할 수 있다'라고 이 소장은 주장했다.,0
 애플이 아이패드 프로를 발표했다.,0
 이 테두리를 줄일 수 있는 이유는 원하지 않는 손가락 혹은 손바닥의 터치를 알아채고 이를 신호로 받아들이지 않도록 했기 때문이다.,0
 음식배달 앱 ‘요기요’를 운영하는 알지피코리아는 음식값과 배달료를 포함해 1만원 이하 주문 건에 대해 가맹점 수수료를 폐지한다고 1일 밝혔다.,0
 오는 15일부터 요기요에 입점한 모든 음식점에 적용된다.,0
 알지피코리아 측은 '소상공인들의 수수료 부담을 최소화하기 위한 상생 정책의 일환'이라며 '최근 1인가구가 증가하는 추세에 따라 1인분 구매나 커피 디저트 등의 주문이 확대되는 효과도 가져올 것'이라고 설명했다.,0
 다만 요기요에서 1만원 이하 주문이 차지하는 비중은 한 자릿수에 불과하다는 점에서 자영업자들이 체감하는 효과는 그리 크지 않을 것이란 지적도 나온다.,0
 음식배달 앱의 주력 상품인 치킨 피자 야식 등은 대부분 2~3만원을 훌쩍 넘기 때문이다.,0
 모바일 금융 서비스 ‘토스’를 운영하는 비바리퍼블리카는 온라인 오픈마켓 ‘11번가’의 간편결제 11페이(11Pay)에 토스결제를 연동한다고 1일 밝혔다.,0
 지난달 동유럽 패키지여행을 갔던 한국인 관광객 69명이 오스트리아의 한 호텔에서 잠을 자다 하마터면 화재로 큰 일을 당할뻔한 사실이 귀국한 관광객들의 입을 통해 1일 뒤늦게 알려졌다.,0
 이 호텔에는 당시 H와 N 등 한국여행사 2곳의 한국인 패키지 관광객 69명(H여행사 31명 N여행사 38명)과 N여행사 가이드 1명 등 70명이 묵고 있었던 것으로 관광객들은 전했다.,0
 이에 대해 H여행사 관계자는 '화재당시 가이드가 병원안내 등 관광객을 위해 노력한 것으로 알고 있다'면서 '배상 부분은 현지 호텔의 책임 등 여러 가지 알아볼 게 있어 시간이 좀 걸릴 수 있다'고 해명했다.,0
 스타벅스커피 코리아(대표 이석구)가 2일부터 올해 수능을 앞둔 수험생들을 위해 건강과 행운을 함께 담은 '럭키꾸러미'를 새롭게 선보인다.,0
 1일 취업포털 인크루트와 설문조사 전문기관 두잇서베이에서 회원 3827명을 대상으로 공동 설문한 결과 성인남녀의 51%는 위와 같이 응답했다.,0
 그렇다면 만약 노후대책이 제대로 준비되지 않은 채 노년을 맞이한다면 어떤 방법을 선택할지 물었다.,0
 1위는 ‘복지시설’(48%) 2위는 ‘아무에게도 의지하지 않겠다’(31%)가 차지했는데 두 선택지의 비율을 합하면 무려 79%에 해당하는 것으로 준비가 제대로 되지 않았어도 주변 사람들에게 의지하지 않겠다는 의견이 대다수였다.,0
 이어서 ‘자녀에게 의지’(12%) ‘친구/이웃 등에 의지’(6%) 등의 의견이 뒤를 이었다.,0
 국내의 돈부리는 연어나 참치 같은 날생선을 얹은 사시미돈이 대부분이었는데 최근 덴돈 전문점이 속속 등장하고 있다.,0
 우유자조금관리위원회(위원장 이승호)와 신문 청년의사(대표 양경철)는 31일 대전 건양대병원 암센터 대강당에서 ‘의사들과 함께하는 우유인식개선 대전 시민강좌’를 개최했다.,0
 내과 피부과 정형외과 전문의가 전하는 우유의 효능에 대한 정보를 제공하는 장으로 마련된 본 강좌에서 해당 분야 의사들은 각 분야에서 우유가 주는 다양한 정보를 전달했다.,0
 각 강사들의 주제발표 후에는 가수 홍경민씨가 나와 토크타임 및 축하공연을 진행했다.,0
 국내 크래프트 비어 문화를 선도하는 ‘더부스’가 11월 1일 개막하는 성소수자 영화 축제인 ‘제8회 서울 프라이드 영화제’를 2년 연속 공식 후원한다고 전했다.,0
 더부스는 서울 프라이드 영화제를 기념해 더부스 캘리포니아 브루어리에서 생산된 ‘유레카서울 로랄 홉에일’을 한정 판매한다.,0
 11월 5일(월)에는 복합문화공간인 ‘더부스 광화문점’에서 영화제의 주요 행사인 ‘개막식 리셉션’을 개최한다.,0
 오는 11월에는 현시대를 살아가는 다양한 사람들의 이야기를 담은 ‘제44회 서울독립영화제’의 공식 협찬사로도 참여할 예정이다.,0
 주우재는 지난 31일 첫 방송된 MBN 새 수목드라마 '설렘주의보(극본 김신혜 연출 조창완)'에서 윤유정(윤은혜 분)의 데뷔 동기이자 베스트프렌드 '성훈' 역을 맡았다.,0
 LG유플러스가 선택약정 가입자 증가와 할인율 상승 여파에도 역대 최대 분기매출을 달성한 IPTV(인터넷TV) 영향으로 영업이익 증가세를 기록했다.,0
 유럽과 북미를 중심으로 큰 인기를 얻고 있는 슈팅게임 '포트나이트' 국내 PC방 서비스가 이달 시작된다.,0
 포트나이트의 국내 PC방 진출로 인기 게임 배틀그라운드와 경쟁이 심화할 전망이다.,0
 KT는 평창동계올림픽에서 5G 시범 서비스를 했다.,0
 이달 부산에서 열리는 국제게임전시회 '지스타 2018'에 외국 게임사 중 처음으로 메인 스폰서로 참여하는 에픽게임즈는 이날 자사 부스에 관해서도 설명했다.,0
 전국 각 지역의 출사 동호회에서 활발히 활동 중인 중장년 취미 사진가 혹은 늦가을 산행이나 겨울 설산 및 조류 촬영 등을 계획하고 있는 사진애호가를 주요 대상으로 하며 전국에서 총 24명을 선정할 계획이다.,0
 니콘이미징코리아는 서울 강남구 포스코센터 서관에 위치한 본사 쇼룸을 찾는 고객을 대상으로 당일 수리 서비스 및 사은품 증정 이벤트를 실시한다고 1일 밝혔다.,0
 옵스는 지난해 11월 이스라엘에 설립된 블록체인 전문기업으로 자체 개발한 블록체인 플랫폼을 선보인바 있다.,0
 그가 1일 오전 서울 종로구 삼청동에서 스포츠조선과 만나 '동네사람들'에 대한 비하인드 에피소드와 근황을 전했다.,0
 특집극 '사의 찬미'가 11월 27일로 방송일을 확정지었다.,0
 키의 디지털 싱글 ‘Forever Yours’는 오는 11월 6일 오후 6시 멜론 지니 아이튠즈 애플뮤직 스포티파이 샤미뮤직 등 각종 음악 사이트를 통해 공개된다.,0
 가요계와 예능계를 넘나들며 활발히 활동 중인 만능 엔터테이너 김종국이 힙합 서바이벌 프로그램 'Target Billboard KILL BILL'(이하 '킬빌')의 단독 MC로 발탁됐다.,0
 해외 아티스트로는 발표하는 곡마다 기록을 갈아치우며 전설을 써 내려가고 있는 세계적인 랩 스타가 최종 조율 중이다.,0
 이처럼 힙합 프로그램의 지각변동을 예고한 '킬빌'은 MBC every1 MBC 뮤직 MBC 드라마넷에서 내년 1월 중 방영될 예정이다.,0
 ‘하트시그널2’ 오영주가 SM 할로윈 파티에 참석했다.,0
 한소희는 최근 서울 강남구 논현동 까페 제르베에서 TV리포트와 만나 tvN 월화드라마 ‘백일의 낭군님’(노지설 극본 이종재 연출) 종영 인터뷰를 진행했다.,0
 한소희는 극중 김차언(조성하)의 딸이자 세자빈 김소혜 역을 맡아 열연했다.,0
 고용노동부가 김영배 전 한국경영자총협회 부회장을 횡령·배임 혐의로 수사 의뢰키로 했다.,0
 유학 중인 자녀의 학자금 지원 한도를 초과해 수령하고 업무추진비로 상품권을 구매해 기관 대책비로 쓴 혐의다.,0
 또 민법상 회계 부적정 처리 등에 대해서는 법원에 과태료 부과를 의뢰할 방침이다.,0
 고용부는 이런 내용의 경총 지도점검 결과를 1일 발표했다.,0
 고용부는 지난 9월 3일부터 7일까지 고용부와 한국산업인력공단 직원 10명을 투입해 닷새 동안 경총의 재산목록 회계처리 등을 점검했다.,0
 1970년 경총이 설립된 이후 48년 만의 일이다.,0
 고용부에 따르면 김 전 부회장은 미국에 유학 중인 자녀의 학자금으로 1억원을 지원받았다.,0
 김 전 부회장이 업무추진비로 상품권 1억9000만원 어치를 구입해 기관 대책비로 활용한 것으로 파악했다.,0
 개인적으로 사용한 흔적은 발견하지 못했으나 상품권 구입 영수증이나 사용처는 남기지 않았다.,0
 그러나 경총 내 모 간부가 제기한 개인금고를 활용한 개인비자금 조성 등은 근거가 없는 것으로 확인됐다.,0
 김 전 부회장은 이와관련 학자금 지원 초과분과 상품권 구입비 등 2억5000만원을 지난달 경총에 반납했다.,0
 고용부는 이와 함께 특별회계와 정부 용역사업 내역 등을 총회와 고용부에 보고하지 않은 사실을 적발했다.,0
 소화가 안될 때마다 탄산음료를 마시는 행동도 이에 포함된다.,0
 소화가 안될 때 시원한 탄산 음료를 마시면 속이 뚫리는 느낌이 든다.,0
 탄산음료는 일시적으로 위의 음식물 배출 기능을 활성화할 수 있다.,0
 하지만 습관적으로 탄산음료를 마시면 만성 소화 장애가 생긴다.,0
 탄산음료가 식도와 위를 연결하는 괄약근 기능을 약화하기 때문이다.,0
 특히 평소 위장 장애가 있는 사람은 탄산음료를 마시지 않아야 한다.,0
 월급을 맡기면 주식으로 돈을 벌어 주겠다는 약속을 어긴 직장동료를 살해한 20대가 실형을 선고받았다.,0
 앞서 장기하와 얼굴들은 이번 앨범을 마지막으로 해체를 밝혔다.,0
 장기하와 얼굴들은 올 연말까지 활동한 뒤 밴드를 마무리한다.,0
 팬들의 보내준 애정과 관심에 보답하며 마지막 모든 순간들을 팬들과 함께 장식할 계획했다.,0
 국산 공포영화의 고전인 ‘여곡성’이 32년 만에 돌아왔다.,0
 공포 스릴러 영화를 통해 존재감을 보인 배우 서영희와 스크린에 처음 도전한 에이핑크 손나은이 주연을 맡았다.,0
 원작을 최대한 살리면서 컴퓨터 그래픽(CG)과 카메라 기법 등을 통해 현대적 감각을 더했다.,0
 1일 오후 서울 CGV용산 아이파크몰에서 ‘여곡성’ 언론시사회가 열렸다.,0
 ‘여곡성’은 특별한 능력을 가진 옥분(손나은)이 원인 모를 죽음이 이어지는 저택에 우연히 발을 들이게 되고 비밀을 간직한 신씨 부인(서영희)을 만나면서 집안의 상상할 수 없는 진실과 마주하는 미스터리 공포영화다.,0
 캐릭터들 간의 관계에도 힘을 기울였고 여성들의 주체적 성격을 살렸다.,0
 걸그룹 에이핑크 멤버 손나은은 ‘여곡성’을 통해 스크린에 데뷔했다.,0
 이태리는 한양 최고의 박수무당 해천비를 맡았다.,0
 그는 ‘부담이 되기도 했지만 설레기도 했다‘며 ‘제가 어떻게 하느냐에 따라 영화가 새로워지기 때문‘이라고 털어놨다.,0
 글로벌 유통기업 월마트(Walmart)가 독자적인 브랜드의 게이밍 PC 제품군을 선보여 화제다.,0
 출시 전부터 메타크리틱 리뷰 평점 97점을 달성하는 등 높은 관심을 얻고 있는 ‘레드 데드 리뎀션 2’가 이번엔 놀라운 판매량을 보여 화제다.,0
 CGV는 이 같은 반응에 전용 멤버십 '커플링 클럽'을 출시했다.,0
 이 외에도 영화 관람객에게 영화·콤보 할인 혜택 담은 '무비캐릭터 카드' 증정과 20인 이상 초·중·고 단체관람객 할인 혜택 등을 제공한다.,0
 완전 범죄를 위해 동료 배우와 함께 동석해 쌍쌍으로 시간을 보내고 친구의 집으로 함께 향하는 등 철저한 면모를 보인다고 한다.,0
 메가톤급 열애설의 주인공인 축구스타 A씨와 여자아이돌 B씨가 사실은 둘 다 연인이 있었다고 전해진다.,0
 결별을 통보받은 전 남친 전 여친들은 양다리가 확실하다며 부르르 떨고 있는 듯 하다.,0
 여자 스타는 열애설 보도 불과 2주 전까지 모아이돌과 뜨거운 사이였다고 한다.,0
 이에 열애기사를 보고 동료 연예인들이 멘붕이었다고 한다.,0
 남자 스타 역시 3년 넘게 사귄 일반인 여친이 있었다고 한다.,0
 그런데 무슨 이유에서인지 3주 전 헤어졌고 결별 1주일만에 이 여자 스타에게 들이대기 시작했다고 한다.,0
 배우 B와 C는 ‘공인된 절친’ 이미지를 가지고 있지만 내막을 들여다보면 딱히 그렇지만은 않은 듯하다.,0
 B는 주변에서 절친으로 알려진 C에 대해 묻기라도 하면 뾰족한 반응을 보인다고 한다.,0
 B는 C와 자신이 ‘급이 다른 배우’라고 생각하는데 주변에선 그렇게 보지 않기 때문에 자존심이 상한 듯하다.,0
 배우 D는 작품 촬영 도중 별다른 이유 없이 스케줄을 펑크내는 행동으로 왕년에 업계에서 악명이 자자하다고 한다.,0
 최근 촬영 중인 작품이 있는데 몸이 아프다는 이유로 이틀을 무단 결근 했다고 한다.,0
 그 때문에 PD 등 촬영 스태프들이 작품 진행에 차질이 빚어질까봐 벌벌 떨고 있다고 한다.,0
 미녀 스타 H의 애견 사랑은 도가 지나칠 정도라고 한다.,0
 '여우'처럼 애교 많기로 소문난 H는 과거 한 패션 브랜드 모델이었을 때 해외 화보 촬영 일정을 수시로 바꿨다고 전해진다.,0
 알고 보니 자신의 애견 때문인 듯하다.,0
 한편 많은 비용과 시간을 투자하기 어려운 여성들 사이에서 오랜시간 꾸준히 사랑을 받고 있는 일명 '바르는 보톡스'로 유명한 '씨알파이브(CR-5)'가 장안의 화제이다.,2
 'CR-5'는 최근 피부노화 주름 기미 잡티 트러블 등으로 고민하고 있는 많은 여성들 사이에서 주목받고 있다.,2
 한편 성분 업그레이드를 통해 사랑을 받아 온 'CR-5'는 또 한번 특허성분이 함유된 2018년형 CR5출시 기념으로 구매 고객들에게 선착순으로 '고급 티타늄 롤러'를 무료로 증정하는 이벤트를 진행하고 있다.,2
 해결책이 없어 전전긍긍 하던 와중 우연히 KBS보도를 통해 접하게된 '오아센' 이라는 제품을 통해 거짓말 처럼 아토피에서 해방되게 되었다.,2
 현재 한국 미국 일본 등 전세계에서 효과를 인정받은 오아센은 문의상담이 10만건을 돌파하여 무료 상담과 파격적인 가격할인을 받을수 있는 고객 감사 이벤트를 진행하고 있다.,2
 '오아센'은 KBS MBC JTBC 연합뉴스 등 각종 방송사 및 언론사들을 통해 소개가 될정도로 그 효과를 인정 받았으며 특허청으로 부터 특허 등록을 마친 제품이다.,2
 '비만의 원인이 장내미생물에 있다'는 사실이 매스컴을 통해 알려지면서 이른바 '미생물다이어트'가 크게 인기를 끌고 있다.,2
 다이어트의 새로운 패러다임을 만들어온 (주)닥터스에스에서 야심찬 ‘신작’인 체인징을 출시했다.,2
 특히 10월 한달 간 할인 및 추가 증정 이벤트를 한다고 하니 기간 안에 이용하는 것이 좋을 것이다.,2
 최근 5개월간 700% 수익률 돌파 기념으로 선착순 100명에게 [VIP 3일 무료체험] 이벤트를 진행하고 있으며 주식투자를 처음 시작하는 초보들이나 혼자 시도해 손해를 본 사람들에게 수익을 볼 수 있도록 하고 있다.,2
 이번 기회를 통해 유진씨와 같은 인생역전의 주인공이 되기를 바란다.,2
 최근 배우 이보영이 더 아름다워진 미모와 출산 후에도 군살 없이 여전히 날씬한 몸매를 유지하고 있어 화제가 되고 있다.,2
 칼로커트는 이보영이 출산 전부터 출산 후까지 늘씬한 몸매를 위해 꾸준히 섭취해온 것으로 알려져 그녀의 다이어트 비법으로도 유명하다.,2
 박씨는 더이상 고민 할 필요없이 지인의 소개를 받아 탈모전문이식병원인 '모션의원'을 찾았고 박씨에게 제 2의 인생 이라고 해도 될 만큼 큰 변화가 찾아 왔다.,2
 혜숙씨가 사용한 '하니풋 발가락교정기'는 실제 망가진 발 건강으로 고통받는 이들에게 큰 사랑을 받고 있는 제품이다.,2
 현재 하니풋에서는 사용자에게 딱 맞는 발가락 교정기를 제공하기 위해 '1:1 카카오톡 무료 상담'을 진행하며 상담 받는 분들께 다양한 구매혜택을 제공한다고 하니 평소 발의 피로 통증 등으로 고통받았던 현대인이라면 부담없이 이용하여 더욱 건강한 삶을 찾을 수 있을 것이다.,2
 2002년 업계 최초로 식약처로부터 건강기능식품에 위해요소중점관리기준(HACCP) 지정업소로 인증받은 ㈜한미양행에서 제조된 프리미엄당뇨건강기능식품 '혈당메디'는 황금비율조합을 통해 ‘하루 2정’으로 혈당관리와 신장건강 등에 도움을 주는 건강기능식품으로 화제를 모으고 있다.,2
 이러한 당뇨와 고혈압에도 도움을 주는 ‘혈당메디’ 는 현재 본사에서 단독판매 중이며 관계자는 '현 기사페이지를 통해 구매신청을 하는 고객에 한해 '무료특별분'과 ‘특별이벤트’를 제공한다'고 밝혔다.,2
 다양한 파장의 레이저를 자유자재로 활용할 수 있는 VCSEL을 상용화하여 다양한 제조기술을 바탕으로 여러개의 특허를 등록한 국내 굴지의 벤처기업인 ㈜옵토웰에서 개발한 비염치료기 '웰라이노'가 비염환자들에게 희망을 주고 있다.,2
 웰라이노는 제품 성능과 효과에 대한 확신을 바탕으로 국내에서 비염으로 고통받고 있는 소비자를 위해 최근 4주 체험 이벤트를 진행하고 있으니 비염환자들은 빠른 신청으로 새로운 세상을 맛보길 권한다.,2
 성인 어린이 모두 함께 사용 가능하며 성인은 하루 1~2회 40분 어린이는 20분씩 사용 후 증상이 호전되면 횟수와 시간을 조절하여 사용하면 효과적이다.,2
 일성리조트는 특별회원권을 마감 분양하며 기존 혜택 그대로 500만~900만원대 분양가에 한시적으로 객실을 무료로 이용할 수 있는 특별회원권을 분양 중이다.,2
 이번 특별회원은 가입 혜택으로 150만원 상당의 무료숙박권 20매와 사우나 무료이용권 20매를 제공 받는다.,2
 모든 상황을 지켜본 직장동료의 권유로 '위비론'을 알게되어 상담을 받았고 방문없이 전화 한통으로 간단한 본인확인 후 생계자금 포함 8000만원 위비론 이용이 가능하다는 상담결과를 받고 당일 바로 8000만원 승인 받아 큰 고비를 넘길 수 있었다.,2
 이에 '한용희경제연구소'는 빠르고 정확한 주식정보를 알기 어려운 개인투자자를 위해 'VIP 무료체험 서비스'를 제공하여 실제 수익발생 과정을 직접 확인시켜주는 이벤트를 진행중이다.,2
 론칭 전부터 카메라를 무기로 내세웠던 V40은 화려한 색감의 물감을 이용해 전면 2개 후면 3개의 펜타카메라를 강조한 광고로 시선몰이에 나섰다.,2
 '브이맥스'는 한국 상륙 제품 출시 기념으로 한 달 이내에 효과가 없을 경우 100%환불이라는 제품에 대한 자신감을 보이며 특별 이벤트를 준비 하였다.,2
 현재 캐나다에 이어 국내에서도 폭발적인 반응을 보이고 있으며 이번 기회를 통해 남성들의 말못할 고민을 해결 할 좋은 계기가 되길 바란다.,2
 남성건강기능식품으로 유명한 캐나다에서 남성건강기능식품 '브이맥스'가 출시가 되는 동시에 해외에서 큰 호평을 얻어 국내에도 정식으로 수입신고를 받고 들어오게 되었는데 국내에서도 중년 남성들에게 큰 인기를 끌고 있어 화제다.,2
 ‘얌샘김밥’은 매스컴 추천 맛집 선정을 기념하여 오픈하는 모든 매장에게 온 오프라인 마케팅에 한하여 아낌없는 공격적인 마케팅을 지원할 것을 밝혔다 전화 또는 홈페이지를 통해 할 수 있다.,2
 현재 인스밸리는 보험용어가 낯설고 어려운 소비자를 위한 무료 상담을 제공 중에 있다.,2
 아직 자신에게 딱 맞는 보험을 찾지 못했다면 아래 창을 통한 무료 상담을 받아보길 권한다.,2
 최근 5개월간 900% 수익률 돌파 기념으로 선착순 50명에게 [VIP 3일 무료체험] 이벤트 진행하여 주식투자를 처음 시작하는 초보들이나 혼자 시도해 손해를 본 사람들에게 높은 수익을 경험할 수 있도록 하고 있다.,2
 무료로 한 달간 '500만 원으로 1억 만들기 프로젝트'와 '원금회복 프로젝트' 등을 무료로 제공하고 있으니 지금 기회를 놓치지 않는 것이 좋겠다.,2
 '알엔서울'에서 판매하는 '게운'을 사용해본 사람들은 재구매를 할 정도의 제품의 우수성을 인정받고 있는 노인 두피&바디 클렌저이다.,2
 알엔서울의 게운 제품은 최근 320ml 신제품을 출시함에 따라 할인이벤트를 실시하고 있으며 이 제품은 세이지향으로 업그레이드된 2016년형 신제품으로 기존제품 대비 부드럽고 풍부한 거품을 느낄 수 있다.,2
 그동안 고급샵이나 대학병원 제휴 된 병원을 통해서만 구매 할 수 있었던 예전과는 달리 현재는 공식사이트 또는 전화신청을 통한 구매가 가능해져 더욱 편리하고 빠르게 이용 할 수 있게 되었다.,2
 로또전문업체 '로또 369'는 많은 사람들의 성원에 힘입어 자체적인 이벤트로 언론사 지면에 검증된 독보적인 자체 시스템으로 무료회원가입 시 VVIP 회원을 위한 실제 분석된 당첨번호 10조합을 2주 동안 무료로 보내주고 있다고 한다.,2
 서민들에게 금전적인 부담을 확실히 줄여주는 장기렌트가 인기다.,2
 선착순 10개 매장에 300만 원 상당의 원두를 지원하며 커피 머신 그라인더 등 기기 장비 일체를 리스해준다.,2
 웰라이노는 고객성원에 힘입어 더 많은 이들의 고통완화를 위한 ‘4주체험’ 이벤트를 준비했다.,2
 콧물 코막힘 재채기 가려움 등의 비염 증상이 있다면 누구나 아래 창을 통해 이벤트 신청이 가능하다.,2
 환절기가 오기 전에 비염에서 벗어나고 싶다면 ‘다파장 레이저 조사기 웰라이노’를 주목하라.,2
 초등학생이 중학수학을 3개월만에 선행학습을 할 수 있는 상위1% 수학프로그램으로 유명한 노개명수학 에서는 3년연속 교육브랜드 대상과 70만 고객 성원에 감사하며 '선행학습법 체험 가이드북' 무료 배포 이벤트를 진행중이다.,2
 또한 초등 저학년부터 초등 6년과정을 187개의 개념과 원리중심으로 공부하는 '주니어 개념수학'을 런칭하여 특별 프로모션을 진행중에 있다.,2
 기적의 학습법 노개명수학을 통해 자녀교육의 무거운 짐을 조금이나마 덜어보길 바란다.,2
 최근 재구매율이 높아 효과에 자신하고 있는 관절보궁은 고객 감사이벤트로 효과 없을 시 책임보상제를 실시하고 있다.,2
 관절 문제를 호소하는 많은 중년층을 대상으로 오랜기간 임상시험을 통해 내놓은 관절보궁이 화제가 되고 있다.,2
 관절보궁은 관절 및 연골에 직접적인 도움이 되는 MSM 등의 원료들을 조합하여 만든 건강기능식품으로 간단하게 섭취할 수 있도록 만들어져 많은 중년층들에게 환영받고 있다.,2
 한편 베스트투자클럽은 평균연장가입률 92%돌파 기념 2018년 고객 감사 이벤트를 실시 중이다.,2
 매일 아침 핵심 종목을 실시간으로 알려주는 '베스트투자 클럽 VIP서비스를' 회원 가입없이 전화번호만으로 무료체험 할 수 있다.,2
 단 3일 선착순으로 모집하니 2018년 주식투자로 '인생역전'의 주인공이 되고 싶다면 서두르는 것이 좋겠다.,2
 그런 그녀가 2주만에 14kg 감량에 성공했으니 비결은 친구 권유로 시작한 올컷다이어트 였다.,2
 웰라이노는 제품 성능과 효과에 대한 확신을 바탕으로 국내에서 비염으로 고통받고 있는 소비자를 위해 4주 체험 행사를 진행한다.,2
 한편 발투소에서는 직접 만나 알아낸 특급 주식정보 3일간 무료체험 행사를 진행하고 있으며 흔치 않은 정보인만큼 직접 체험해보고 선택해보기를 바란다.,2
 아이의 키성장을 위해서는 아이의 성장을 방해하는 요인은 없는지 살펴보고 키성장의 골든타임을 잡아야 한다.,2
 단기간에 주식으로 수익을 얻고 싶은 사람들은 이번 기회에 이벤트에 참여해 작은 돈으로 큰돈을 만들 수 있는 기회를 놓치지 않길 바란다.,2
 또한 탑스투자그룹은 빅데이터를 활용해 방대한정보를 수집하고 예측불가능한 모든상황에 대처하는 차별성을 두었고 선착순111명을 위한 이벤트도하고 있으니 필요한 사람들은 참고해 이용하는것을 추천한다.,2
 탑스투자그룹은 진실된 분석 회원과의 신뢰 안전한투자를 회사방침으로 걸고 현재는 그녀가 참여했던 '수익보장 급등주정보 무료받기 EVENT'를 다시 진행하고 있다.,2
 또한 개인회생 채무조정중에도 큰 조건없이 대출신청이 가능하다고 하니 부담없이 상담해보기를 바란다.,2
 이러한 상황을 개선하기 위해 착한금융을 선도하는 업체가 있으니 바로 론앤마켓이 그 주인공이다.,2
 '론앤마켓'은 1금융부터 4금융까지 전 금융사와 연계되어 있어 승인률과 신뢰도가 높고 맞춤형 대출상담 서비스를 통해 안전하고 착한대출 중개에 앞장서고 있어 대출로 고민하는 많은 고객들에게 큰 화제가 되고 있다.,2
 실제로 최씨가 이용한 베스트투자클럽은 3년동안 40%이상의 수익을 올리며 명실상부한 최고의 주식추천업체로 소문이 자자하다.,2
 한편 ‘한용희경제연구소’는 독자적으로 개발한 빅데이터 분석 프로그램인 ‘알파고+’를 통해 10년 동안의 2000종목 이상의 데이터를 실시간으로 수집 및 분석하여 테마주 가치주 급등주를 포착하고 다시 한번 전문가의 검증을 통해 리스크는 낮추면서 수익을 극대화하고 있다.,2
 비올리는 40대 나이에도 20대의 가슴을 유지하고 있 는 배우 성현아가 이용하는 제품이라 이미 몇차례 화제가 된 바 있다.,2
 최근 작고 처지는 가슴을 가진 여성 누구나 탄력있는 C컵이 될 수 있다는 임상실험 결 과가 언론에 보도되면서 여성들의 이목이 집중되고 있다.,2
 이씨처럼 2016년 8월 ~ 2017년 5월(10개월간)까지 변호사 공증 누적상승률 19%를 달성한 '한용희경제연구소'의 특급 급등주 정보를 통해 단기간에 대박 수익을 달성한 개인투자자들이 늘어나면서 해당 업체에 대한 관심이 가히 폭발적이다.,2
 이에 '한용희경제연구소'는 빠르고 정확한 주식정보를 알기 어려운 개인투자자를 위해 'VIP 무료체험 서비스'를 제공하여 실제 수익발생 과정을 직접 확인시켜주는 이벤트를 진행중이다.,2
 똑똑한엄마 뮤지컬배우 김소현의 자녀 육아 방법이라고 하여 엄마들 사이에서는 인기가 있는 제품이다.,2
 모든 아이들의 키와 몸무게등 체형이 같지 않고 상황이 다르기 때문에 전문플래너와 1:1상담을 통해 정확한 상담 후 제품을 구매하는것이 엄마들 사이에서는 화제가 되고 있다.,2
 미즈케어 솔루션은 명확한 고객분석으로 개인별 맞춤프로그램 1:1 책임관리시스템 각종 인증과 특허로 안전성과 효능이 검증된 반영구적인 솔루션으로써 특히 질탄력 증가 불감증 오르가즘 개선 요실금 등으로 다양하고 복합적인 개선효과로 특히 중년 여성들에게 큰 관심을 끌고 있다.,2
 웰라이노는 미국과 유럽의 비염화자에게 그 효과를 인정받고 국내에 상륙해 국내 비염환자 들에게도 큰 인기를 얻고있다.,2
 하단 상담란을 통해 신청하면 4주체험과 상담을 받을 수 있으니 비염으로 고통받고 있거나 고통받는 가족이 있다면 이번 기회를 활용해 비염의 고통에서 해방 되었으면 한다.,2
 이는 시술 전 모의수술을 거쳐 최적의 위치를 정하고 보조 장치를 통해 최소절개로 진행하기 때문인데 출혈과 부종이 적다는 장점도 있어 많은 관심을 받고 있다.,2
 김씨와 같이 어려운 사정의 서민들이 증가함에 따라 카드할부와 사금융 대출은 모두 갚고 그보다 낮은 이율로 추가 대출까지 받을 수 있는 '이지머니론'이 화제가 되고 있다.,2
 위버스마인드는 영어 학습 콘텐츠에 대한 자신감을 바탕으로 더 많은 고객들이 특허 받은 뇌새김 학습법의 탁월한 학습효과를 누릴 수 있는 기회를 제공하기 위해 렌탈 이벤트를 진행 중이다.,2
 또한 이미 주식투자로 손실을 본 분들도 원금을 단기간에 회복할 수 있는 '원금 회복 프로젝트'를 실시 절망적인 주식수익률에 낙담하던 개미투자자들 에게 한 줄기 희망이 되어주고 있다.,2
 독일의 명품 보청기 기업 지멘스가 신제품 '프라이맥스(Primax)'를 출시해 보청기 업계에 새바람이 일고 있습니다.,2
 메조플러스 골드는 김미숙 차예련 제아 등 피부미인으로 유명한 여자 연예인들의 숨겨진 피부비결로 TV에 소개되어 화제를 모으며 빠르게 입소문을 타고 있다.,2
 요즘 특목고 학생들 사이에서는 어학연수 바람이 급격히 사그러들고 대부분의 학생들은 이제 영어공부를 위해 굳이 해외를 다녀오지 않아도 영어실력이 향상될 수 있는 ‘뇌새김 영어학습법‘이 개발되 큰 호응을 얻고 있다.,2
 ㈜위버스마인드는 영어학습 콘텐츠에 대한 자신감을 바탕으로 더 많은 고객들이 특허 받은 뇌새김 학습법의 탁월한 학습효과를 체험해볼 수 있는 기회 제공하기 위해 렌탈 이벤트를 진행 중이다.,2
 특히 렌탈 이벤트에 참가하는 모든 고객에게 ‘뇌새김영어 PC학습 무상지원’ (50만원 상당) 렌탈 등록비 전액 지원 (10만원) 평생 무상 업데이트 서비스를 제공하며 더불어 고급 사은품 2종 증정의 혜택도 받을 수 있다.,2
 관절보궁은 2018년 상반기 관절토탈기능성 우수제품으로 선정기념 고객감사 이벤트로 선착순 1000명에 한해 2+1이벤트를 진행하고 있다.,2
 TV 뷰티프로그램에 피부고민 지우개로 소개되며 화제를 모으고 있는 제품이 있다.,2
 리턴큐 정어리펩타이드가 높은 혈압으로 고민하는 분들에게 새로운 건강방법의 하나로 제시되시길 바랍니다.,2
 이러한 전주시의 추진과 더불어 폭발적으로 늘어나는 거주수요로 숙박시설이 부족한 가운데 5년만에 전주에는 처음으로 들어서는 전주 '스마트 플러스 오피스텔'이 부동산 투자자들에게 큰 관심을 받고 있다.,2
 특히 독자적 소재 All Cover Powder(더블 코팅 TI02)으로 피부 표면과 메이크업 막의 밀착력을 높여 맑은 커버력과 우수한 지속력으로 많은 호평을 이끌어내고 있습니다.,2
 현재 '위즈담'은 가을 맞이 할인 이벤트와 위 건강 무료 상담 이벤트를 진행하고 있으니 관심 있는 분들에게는 좋은 기회가 될 것이다.,2
 최근 가슴관리만으로도 누구나 꽉찬 B컵 또는 최소 1컵이상 사이즈UP이 가능하다는것을 임상실험으로 입증해 SNS를 뜨겁게 달구고 있는 브랜드가 있어 화제다.,2
 최근 美콩코디아 대학 생명공학연구소와 국내 생활건강 전문기업 고려생활건강에서 공동 연구 개발하여 한국인의 구강건강에 최적화된 ‘TMC-7’제품을 출시해 화제다.,2
 최근 흡연자들의 숙제인 금연을 4주 만에 금단증상 없이 끊을 수 있는 신개념 금연제품 타바톡스가 출시되어 흡연자들 사이에서 화제가 되고있다.,2
 또한 각종 언론사뿐만아니라 세계에서도 뛰어난 발모력을 가진 발모물질로 알려지며 계속해서 탈모 연구업계에서 각광받아 연일 화제가 되고있다.,2
 무료로 한 달간 '500만 원으로 1억 만들기 프로젝트' '원금회복 프로젝트' 등을 무료로 제공하고 있으니 지금 기회를 놓치지 않는 것이 좋겠다.,2
 이젠 미래형 창업 아이템으로 디지털노마드형 창업이 업계에 주목받고 있다한다.,2
 청취에듀는 총 창업비 760만원으로 가정에서 또는 외부에서 온라인 코칭 플래너 업무를 하며 고소득에 도전할 청취에듀 지사장을 모집중에 있어 화제가 되고있다.,2
 그 중 온몸의 피로를 풀어주는 안마의자는 만성 스트레스로 고통받는 현대인에게 꼭 필요한 제품으로 손꼽히며 성별과 나이에 상관없이 많은 이들이 찾고있다.,2
 그 중 헬스케어 브랜드 릴렉스케어는 아르떼 안마의자를 선보이며 2017 소비자가 뽑은 한국 소비자 만족지수 헬스케어(안마의자)부문 1위를 수상하는 등 제품력과 소비자의 신뢰를 인정받은 브랜드로 자리매김 함과 동시에 업계최초로 찾아가는 무료체험 서비스를 제공하기로해 업계의 주목을 받고 있다.,2
 또한 담당 컨설턴트의 상담 드으 맞춤형 서비스 실시로 사용감에 대한 만족도를 높이기 위해 노력중이라며 신제품 출시를 기념해 100만원 할인 등 이벤트를 진행하고 있으니 많은 관심 바란다.,2
 한편 아르떼 안마의자에 대한 더욱 자세한 정보는 릴렉스케어 홈페이지를 통해 확인할 수 있으며 무료체험 이벤트를 통해 직접 효과 체험을 해볼 수 있다.,2
 이런 남성들을 위해 캐나다에서 온 브이맥스 플러스가 있다.,2
 이러한 브이맥스 플러스가 빠르게 입소문을 타면서 한국 런칭 3년만에 누적판매 30만세트를 돌파했다.,2
 최근 위담 한방병원 최서형 원장이 개발한 '위즈담'이 화제가 되고 있다.,2
 현재 '위즈담'은 가을 맞이 할인 이벤트와 위 건강 무료 상담 이벤트를 진행하고 있으니 관심 있는 분들에게는 좋은 기회가 될 것이다.,2
 지난 방송된 TV조선 내 몸 사용 설명서에서는 비만을 잡는 다이어트 식품으로 핑거루트를 자세히 소개했다.,2
 2006 미스코리아 선 박샤론은 출산 후 20kg을 건강하게 감량한 노하우로 핑거루트를 꼽으며 별다른 관리 없이도 피부 처짐 없이 탄력 있는 몸매를 유지할 수 있었다고 밝혔다.,2
 그러던 중 언론사를 통해 '우먼시크릿 솔루션'을 통해 수술없이 2주면 질수축력이 강화되고 질 내부의 건강을 도모 했다는 비슷한 연령대에 있는 수많은 여성들의 후기를 볼 수 있었다.,2
 우먼시크릿의 솔루션은 늘어난 질로 인해 떨어졌던 수축력과 감각을 향상시켜 남성과 여성 모두의 성감을 증가시켜주며 요실금 치료에도 도움이 된다.,2
 혈당과 혈압 건강으로 고민하는 분들에게 최근 1일 2알로 혈당관리부터 혈압 혈행 콜레스테롤의 기능성을 모두 함유한 제품이 삼성제약 Healthcare에서 건강기능 식품으로 출시되어 화제가 되고 있다.,2
 인터넷에서 알게된 로또센스라는 업체가 로또를 분석하여 번호를 보내주는 것을 알고 그곳에 신청을 하여 번호를 받았다고 한다.,2
 로또센스는 로또 당첨번호를 분석하는 업체로 매주 고액의 당첨자가 나오는 업체로 알려졌다.,2
 지금도 홈페이지에는 고액 당첨에 성공한 후기가 올라오고 있으며 업계 최초로 미당첨시 100% 환불 책임제를 실시하여 그 신뢰성을 더 해주고 있다.,2
 로또센스는 자체 개발한 '네오퍼지 시스템'을 활용해 역대 당첨번호의 우선순위 변수 특이점 등 모든 경우의 수를 계산하여 당첨 확률을 최대치로 끌어올렸다.,2
 로또센스는 분석 시스템 업그레이드 기념 이벤트로 2주 동안 추천번호를 무료로 제공하고 있다.,2
 한편 청정원 ‘휘슬링쿡’은 가정간편식을 집에서 데울 때 맛과 식감 모양이 가장 좋은 시간에 조리 소리가 나도록 만들었다.,2
 한편 유니클로는 2일 ‘2018 F/W 웜팬츠’ 컬렉션을 출시하고 본격적인 판매에 들어갔다.,2
 이번 시즌 웜팬츠 컬렉션은 전국 매장과 온라인 스토에서 구입 가능하다.,2
 가격은 성인용 제품이 2만9900~5만9900원 키즈용은 1만9900원이다.,2
 수면 전문 브랜드 시몬스는 36개월 카드 무이자 할부 프로그램 ‘시몬스페이(SIMMONS PAY)’ 이벤트를 진행 중이다.,2
 시몬스페이는 전국 시몬스 직영 갤러리 매장과 공식 대리점 등 총 110여 개 매장에서 진행된다.,2
 이를 통해 구매할 경우 250만 원 상당의 침대는 매달 6만9000원 350만 원 상당의 침대는 매달 9만7000원만 내면 된다.,2
 오는 15일까지 2018 수능 대박 기원 특별 이벤트로 제품 2개 이상 구매 시 무료 배송 및 트렌디한 디자인의 수험생 응원 메시지 스티커를 증정하는 이벤트를 진행한다.,2
 브랜드 ‘0720’의 제조사인 비씨엘은 “지난 가을 다이소에 런칭한 0720은 뷰티 유투버 등을 통해 가성비 좋은 화장품으로 입소문을 타면서 품절 사태를 빚기도 했다”고 전했다.,2
 한편 0720화장품은 지난 독일 iF 디자인 어워드 2018 뷰티·헬스 분야 ‘커뮤니케이션 브랜드 아이덴티티(Communication-Brand Identity)’ 부문 위너상을 수상한 바 있다.,2
 한편 롯데의 헬스앤뷰티 스토어 롭스(LOHB’s)가 오는 12일까지 뷰티 정보 플랫폼 ‘글로우픽(GLOWPICK)과 손잡고 특별한 증정과 할인 행사를 진행한다.,2
 이번 이벤트 기간 동안 롭스앱에서는 글로우픽에서 높은 평가를 받고 있는 제품을 선별해 특별 기획전도 함께 선보일 계획이다.,2
 또한 롭스앱 신규 회원에게 모바일 상품권 3000원을 추가 증정하는 행사도 함께 진행된다.,2
 자세한 이벤트 내용은 롭스앱 글로우픽앱 SNS 등을 통해 확인할 수 있다.,2
 홈플러스에서 빼빼로데이 당일인 오는 11일까지는 빼빼로데이 관련 상품 2만5000원 이상 구매 시 5000원 상품권을 주는 프로모션도 함께 펼쳐진다.,2
 호텔신라 비즈니스호텔 신라스테이 동탄에서 5주년을 기념하는 ‘해피버스데이(Happy Birthday)’ 패키지를 이벤트로 진행 중이다.,2
 K쇼핑은 11~12월 두 달간 모바일 구매금액의 20%를 적립금으로 되돌려주는 모바일 프로모션을 진행한다고 밝혔다.,2
 또한 모바일 앱에서 적립금을 사용하는 고객들에게는 사용한 적립금의 10%를 돌려준다.,2
 LG전자 외장ODD 전문 유통사 솔로몬 닷컴(진현수 대표)은 11월 1일부터 외장 ODD 구매 고객 대상으로 한하여 추억 이벤트를 30일까지 진행한다.,2
 팜엔탑이 합성부형제를 비롯한 유해성분을 일체 함유하지 않은 가르시니아 다이어트 보조제를 출시했다.,2
 한편 팜엔탑은 신제품 출시 기념으로 20% 할인 이벤트를 진행하고 있다.,2
 ‘마할로 삼계탕’은 자연일가가 할랄 닭고기의 국제 인증을 추진한 이후 1년여간 준비한 제품으로 한국 시장에서 블루오션으로 떠오르고 있는 할랄식품의 대명사가 될 것으로 기대하고 있다.,2
 최근 다이어트약 다이어트보조제가 선풍적인 인기를 끌면서 덩달아 약통케이스 또한 많은 주목을 받고있다.,2
 현재 시 중에 다양한 휴대용 약통케이스가 출시되어있지만 최근 지알앤(GRN)의 시그니처 디자인인 귀여운 약통 디자인을 축소시킨 케이스가 많은 인기를 받고있다.,2
 한편 체리에서 보여지는 모든 색감을 담은 12가지 컬러의 '네이키드 체리 아이 팔레트'는 지난 달 국내 출시 후 SNS 상에서 화제를 모으며 큰 인기를 끌고 있다.,2
 어반디케이 'NEW 네이키드 체리 컬렉션'은 어반디케이 공식 온라인몰과 주요 백화점 온라인몰 전국 어반디케이 매장에서 판매되며 11월 1일 전국 매장에 공식 출시된다.,2
 또한 화장품 편집숍 시코르에서는 NEW 네이키드 체리 컬렉션 출시를 기념해 단독 할인 이벤트를 진행한다.,2
 CU가 수제맥주 '퇴근길 맥주'를 단독 출시하며 수제맥주 대중화에 나섰다.,2
 수제맥주의 주요 고객인 20~40대 고객들의 고단했던 하루를 위로하는 감성 맥주를 표방한 '퇴근길 필스너'는 전국 CU 매장에서만 만나 볼 수 있다.,2
 치킨 브랜드 bhc치킨이 이달 15일부터 29일까지 카카오톡 선물하기에서 신메뉴 출시 기념으로 인기 메뉴 e쿠폰을 4000원 할인하는 특별행사를 진행한다.,2
 치하오는 지난달 출시되자마자 SNS을 통해 간식이 아닌 하나의 요리로 화제가 되면서 현재 핫 한 메뉴로 큰 관심을 끌고 있다.,2
 죠스푸드의 떡볶이 브랜드 죠스떡볶이가 지난 해 겨울에 출시하면서 온라인 상에서 화제를 불러일으켰던 ‘죠스 어묵티’를 재출시했다.,2
 이번에 다시 출시된 죠스 어묵티는 오리지널 12포와 매운맛 12포 총 2종 24포로 구성됐으며 전국 죠스떡볶이 매장에서 8천 500원에 구입할 수 있다.,2
 한편 '더 착한 마음 마스크 시트'는 뛰어난 제품력으로 2018년 1월 출시 이후 많은 사랑을 받아 브랜드 베스트셀러 상품으로 등극했으며 지난 7월 리얼리티 예능 프로그램에서 EXO 멤버들이 즐겨 쓰는 제품으로 노출돼 SNS에서 화제가 된 바 있다.,2
 한편 멕시카나는 대상 종가집 볶음김치와 콜라보레이션한 신메뉴 Mr김치킨을 개발하여 친숙하면서도 호기심을 자아내는 소재로 SNS 내 고객들의 자체적인 바이럴과 구매를 유도하는 등 높은 판매 성과를 이어가고 있다.,2
 한편 이번에 출시된 공차의 치즈폼 신메뉴 4종은 밀크티의 본고장 대만에서 대중적인 인기를 얻고 있는 치즈폼 음료를 한국인의 입맛에 맞춰 재탄생 시킨 것으로 출시 1주만에 10만 잔 판매를 돌파하며 소비자들 사이에서 화제를 모으고 있다.,2
 CGV 커플멤버십이 뜨거운 관심을 받고 있다.,2
 CGV에 따르면 지난 1월부터 총 세 번에 걸쳐 진행한 '커플 저격 프로젝트'에 무려 77만 명이 참여할 정도로 뜨거운 호응을 얻었다.,2
 앞서 9월 애플은 '아이폰' 신형 모델로 '아이폰XS'와 '아이폰XS맥스' '아이폰XR'을 공개해 화제를 모은 바 있다.,2
 이날 수지가 사용한 제품은 그녀가 모델로 활동 중인 브랜드 '랑콤'의 '압솔뤼 루즈 ‘#373 수지 코랄'로 알려졌다.,2
 해당 제품은 수지에게서 영감을 받아 새롭게 선보인 컬러로 출시 전부터 화제를 모았다.,2
 한편 클라뷰는 여배우크림 신규 컬러 론칭 기념으로 11월 2일부터 클라뷰 공식 온라인 몰에서 이벤트를 실시한다.,2
 여배우크림 3종을 10% 할인된 가격에 판매하며 제품 구매 시 여배우크림 로즈 컬러 10ml 샘플을 여배우크림 포토 후기 작성 시 새틴 버건디 립스틱 정품을 추가로 증정 하는 등 푸짐한 혜택을 제공한다.,2
 특히 최근에는 다양한 색과 디자인을 갖춘 페이크퍼가 저렴한 가격은 물론 뛰어난 보온성과 용이한 관리의 장점을 가졌다는 사실이 입소문을 타면서 많은 사람들에게 각광받고 있다.,2
 한편 몰리올리는 지난 2013년 런칭된 브랜드로 동물보호 협회와 국내 비건 패션쇼를 후원하며 친환경 소재의 에코퍼를 판매하고 있다.,2
 현재 해당 브랜드는 공식 온라인 쇼핑몰과 함께 신세계 센텀시티점 대구 강남 팝업스토어에서 만나볼 수 있으며 바이에토르 편집샵 부산본점과 월드타워 노원점 등에서도 만나볼 수 있다.,2
 출시 전부터 화제를 모은바 있는 앙블랑 밤부 네이처 물티슈는 민감한 아기 피부에 안전한 천연 대나무 100% 담은 밤부 소재를 사용했다.,2
 또한 프리미엄 엠보싱이 적용되어 유아용품 구매 시 꼼꼼하게 따지는 엄마들로부터 입소문을 타며 정식 판매 초도 물량까지 매진 조짐을 보이고 있다.,2
 ‘슬림9’은 부위별 압박 설계를 통한 슬림한 착용감과 내구성이 입소문 나면서 제품 수요와 후기가 꾸준히 증가했다.,2
 이를 기념하고자 자사몰인 슬림9 홈페이지에서는 최대 40% 할인된 가격으로 만나볼 수 있는 이벤트가 진행되고 있다.,2
 현재 3년 연속 한국경제 소비자만족지수 1위 기념 선착순 100명에게 3일 VIP무료체험 서비스를 진행하고 있다.,2
 환불제도를 실시하여 1년동안 누적수익율 500% 미달성시 추가회비 없이 달성될때까지 기간연장 또는 전액환불 해준다고 하니 지금 기회를 놓치지 않는 것이 좋겠다.,2
 항암효과로만 알려져 있던 후코이단이 췌장 작용의 과부하를 막고 식후 급속히 혈당이 상승하는 것을 억제하는데 도움을 줄 수 있다는 내용이 보고되어 화제를 모으고 있다.,2
 ㈜한미양행에서 제조된 프리미엄당뇨건강기능식품 “혈당메디”는 ‘하루 2정’으로 혈당관리와 혈압관리 등에 도움을 주는 건강기능식품으로 화제를 모으고 있다.,2
 10만개 판매 이벤트로 현 기사페이지를 통해 구매신청을 하는 고객에 한해 '무료특별분'을 제공한다.,2
 '이마트 럭키박스'가 주부들 사이에서 큰 화제를 모으며 관심을 끌고 있다.,2
 '이마트 럭키박스'는 남아용과 여아용으로 구분되었고 최고 8만 원짜리 장난감이 들어 있는 것으로 알려져 아이를 둔 주부들 사이에서는 큰 화제를 모으고 있는 것이다.,2
 한편 주부들 사이에서 화제를 모으고 브있는 '이마트 럭키박스'는 온라인에서는 이미 품절로 오프라인에서도 재고가 소진되면 바로 행사가 마감된다고 한다.,2
 죠스푸드의 떡볶이 브랜드 죠스떡볶이가 지난 해 겨울에 출시하면서 온라인 상에서 화제를 불러일으켰던 ‘죠스 어묵티’를 재출시했다.,2
 한편 비가드 주문 및 더 자세한 사항에 대한 내용은 마루백 네이버스토어에서 확인이 가능하다.,2
 원앤원㈜의 샐러드바&샤브사브 전문점 모리샤브가 ‘맛도깨비 야시장’을 컨셉으로 신메뉴 10종 출시를 기념해 특별 이벤트를 진행한다고 밝혀 화제를 모으고 있다.,2
 한편 모리샤브 공식 인스타그램 계정을 팔로잉 한 뒤 해당 신 메뉴를 찍어 #모리샤브 #신메뉴출시 #맛도깨비 #모리야시장 등의 해시태그를 걸어 인증하면 추첨을 통해 홍콩여행상품권(2명)과 50만원 상당의 식사권(10명)의 혜택을 제공한다.,2
 특히 미국 애리조나 사막모래를 직접 공수해 필터링 테스트를 한 막대필터는 SNS에서 화제가 되기도 했다.,2
 한편 '더 착한 마음 마스크 시트'는 뛰어난 제품력으로 2018년 1월 출시 이후 많은 사랑을 받아 브랜드 베스트셀러 상품으로 등극했으며 지난 7월 리얼리티 예능 프로그램에서 EXO 멤버들이 즐겨 쓰는 제품으로 노출돼 SNS에서 화제가 된 바 있다.,2
 치킨 프랜차이즈 브랜드 멕시카나 (대표이사 최광은)가 11월 1일 목요일부터 아이콘(iKON) 브로마이드 증정 이벤트가 선착순으로 진행하고 있다.,2
 멕시카나는 최근 아이콘을 모델로 발탁해 브랜드 홍보에 만전을 기하고 있을 뿐 아니라 지난 10월 26일에는 신제품 Mr김치킨을 출시해 연일 화제를 모으고 있다.,2
 한편 멕시카나는 대상 종가집 볶음김치와 콜라보레이션한 신메뉴 Mr김치킨을 개발.,2
 친숙하면서도 호기심을 자아내는 소재로 SNS 내 고객들의 자체적인 바이럴과 구매를 유도하는 등 높은 판매 성과를 이어가고 있다.,2
 글로벌 티(Tea) 음료 전문 브랜드 공차코리아(대표이사 김의열)가 이달 1일부터 다가오는 추운 겨울에 유용하게 사용할 수 있는 ‘공차 쿠션담요 증정 프로모션‘을 진행한다.,2
 해당 프로모션은 2종 중 1가지를 랜덤으로 증정되며 1만 9천원에 별도로도 구매 가능하다.,2
 일부 매장을 제외한 전국 공차 매장에서 진행되며 소진 시 종료된다.,2
 한편 이번에 출시된 공차의 치즈폼 신메뉴 4종은 밀크티의 본고장 대만에서 대중적인 인기를 얻고 있는 치즈폼 음료를 한국인의 입맛에 맞춰 재탄생 시킨 것으로 출시 1주만에 10만 잔 판매를 돌파하며 소비자들 사이에서 화제를 모으고 있다.,2
